,Rate,0.05,,0.1,,0.2,,0.5,
Iter,,Fitness,New_Fitness,Fitness,New_Fitness,Fitness,New_Fitness,Fitness,New_Fitness
1,,148.6,506.2,148.6,518.32,148.6,691.64,148.6,273.98
2,,148.6,376.38,148.6,311.58,148.6,314.6,148.6,863.8
3,,148.6,307.92,148.6,378.58,148.6,177.3,148.6,483.96
4,,148.6,151,148.6,109.74,148.6,98.26,148.6,670.38
5,,148.6,164.8,109.74,193.6,98.26,69.54,148.6,471.68
6,,148.6,75.42,109.74,118.54,69.54,131.8,148.6,544.14
7,,75.42,498.14,109.74,441.4,69.54,51.78,148.6,11.86
8,,75.42,496.64,109.74,160.46,51.78,275.56,11.86,57.96
9,,75.42,103.84,109.74,160.26,51.78,73.02,11.86,740.38
10,,75.42,165.16,109.74,17.16,51.78,363.62,11.86,450.92
11,,75.42,406.16,17.16,87.46,51.78,595.08,11.86,221.54
12,,75.42,267.3,17.16,541.26,51.78,157.1,11.86,141.3
13,,75.42,202.26,17.16,123.66,51.78,755.08,11.86,940.9
14,,75.42,140.2,17.16,175.64,51.78,881.08,11.86,752.9
15,,75.42,216.66,17.16,11.68,51.78,695.1,11.86,615.9
16,,75.42,627.6,11.68,184.02,51.78,234.88,11.86,617.98
17,,75.42,9.52,11.68,111.9,51.78,223.38,11.86,464.4
18,,9.52,125.02,11.68,378.6,51.78,458,11.86,767
19,,9.52,281.7,11.68,360.44,51.78,1004.94,11.86,580.82
20,,9.52,340.64,11.68,216.1,51.78,360.42,11.86,936.8
21,,9.52,111.66,11.68,333.28,51.78,627.18,11.86,251.46
22,,9.52,113.74,11.68,45.82,51.78,108.9,11.86,458.12
23,,9.52,433.48,11.68,56.42,51.78,371.76,11.86,856.94
24,,9.52,90.18,11.68,26.02,51.78,897.22,11.86,944.72
25,,9.52,362.8,11.68,80.04,51.78,252.92,11.86,392.8
26,,9.52,60.72,11.68,316.36,51.78,260.16,11.86,35.12
27,,9.52,267.08,11.68,219.64,51.78,65.8,11.86,85.76
28,,9.52,391.7,11.68,146.36,51.78,352.64,11.86,438.92
29,,9.52,113.74,11.68,90.1,51.78,286.62,11.86,437.54
30,,9.52,267.66,11.68,89.48,51.78,588.32,11.86,143.74
31,,9.52,144.04,11.68,52.36,51.78,113.24,11.86,1232.76
32,,9.52,52.44,11.68,14.76,51.78,747.08,11.86,130.3
33,,9.52,445.12,11.68,389.64,51.78,220.18,11.86,691.68
34,,9.52,125.02,11.68,232.56,51.78,120.14,11.86,777
35,,9.52,80.5,11.68,364.52,51.78,77.42,11.86,566.7
36,,9.52,173.48,11.68,506.94,51.78,408.78,11.86,309.54
37,,9.52,21.94,11.68,12.42,51.78,625.16,11.86,1166.88
38,,9.52,91.74,11.68,582.78,51.78,759.44,11.86,120.12
39,,9.52,103.02,11.68,601.18,51.78,34,11.86,296.18
40,,9.52,450.1,11.68,369.42,34,963.66,11.86,944.96
41,,9.52,368.82,11.68,38.38,34,648.9,11.86,140.7
42,,9.52,321.38,11.68,318.18,34,552.86,11.86,253.28
43,,9.52,292.18,11.68,90.32,34,793.2,11.86,151.42
44,,9.52,456.24,11.68,51.74,34,209.62,11.86,412.56
45,,9.52,262.28,11.68,651.4,34,342.6,11.86,250.18
46,,9.52,89.62,11.68,152.32,34,48.84,11.86,1319.18
47,,9.52,216.72,11.68,48.1,34,264.3,11.86,785.1
48,,9.52,186.12,11.68,147.78,34,374.18,11.86,150.22
49,,9.52,102.9,11.68,609.32,34,176.08,11.86,363.64
50,,9.52,202.42,11.68,582.38,34,331.78,11.86,404.14
51,,9.52,97.56,11.68,631.72,34,307.46,11.86,312.16
52,,9.52,160.08,11.68,27.88,34,46.52,11.86,613.62
53,,9.52,568.64,11.68,173.04,34,121.12,11.86,459.94
54,,9.52,75.42,11.68,75.9,34,122.16,11.86,566.04
55,,9.52,160.26,11.68,62.34,34,902.66,11.86,168.02
56,,9.52,91.74,11.68,72.72,34,803.06,11.86,140.42
57,,9.52,286.3,11.68,622.58,34,278.18,11.86,848.02
58,,9.52,551.14,11.68,271.5,34,435.58,11.86,895.02
59,,9.52,16.48,11.68,94.14,34,295.38,11.86,85.38
60,,9.52,115.6,11.68,8.14,34,460.34,11.86,627.02
61,,9.52,225.38,8.14,36.86,34,923.9,11.86,379.94
62,,9.52,77.94,8.14,484.14,34,301.44,11.86,376.76
63,,9.52,63.72,8.14,97.34,34,145.36,11.86,728.12
64,,9.52,126.36,8.14,299,34,384.24,11.86,250.22
65,,9.52,125.78,8.14,468.46,34,527.88,11.86,469.14
66,,9.52,63.2,8.14,89.46,34,208.36,11.86,436.02
67,,9.52,170.66,8.14,173.22,34,654.12,11.86,204.68
68,,9.52,17.56,8.14,130.92,34,1019.7,11.86,614.22
69,,9.52,38.32,8.14,354.82,34,443.68,11.86,279.82
70,,9.52,31.28,8.14,159.84,34,867.18,11.86,862.88
71,,9.52,102.5,8.14,488.92,34,216.54,11.86,344.9
72,,9.52,493.22,8.14,122.58,34,290.7,11.86,336.22
73,,9.52,62.8,8.14,25.42,34,344.98,11.86,509.12
74,,9.52,37.92,8.14,79.8,34,101.76,11.86,488.3
75,,9.52,75.76,8.14,490.04,34,64.78,11.86,664.94
76,,9.52,556.36,8.14,13.92,34,89.54,11.86,4.48
77,,9.52,226.9,8.14,58.74,34,738.26,4.48,425.44
78,,9.52,255.08,8.14,24.66,34,7.2,4.48,908.14
79,,9.52,34.86,8.14,50.3,7.2,525.6,4.48,47.06
80,,9.52,115.6,8.14,339.96,7.2,605.64,4.48,250
81,,9.52,74.06,8.14,403.22,7.2,458.42,4.48,223.62
82,,9.52,117.72,8.14,84.4,7.2,605.68,4.48,1423.6
83,,9.52,267.08,8.14,337.86,7.2,473.68,4.48,649.66
84,,9.52,321.38,8.14,150.64,7.2,823.8,4.48,646.38
85,,9.52,126.36,8.14,18.36,7.2,301.2,4.48,560.58
86,,9.52,278.96,8.14,583.66,7.2,77.56,4.48,369.48
87,,9.52,199.56,8.14,526.76,7.2,163.54,4.48,1028.24
88,,9.52,207.84,8.14,136.16,7.2,216.16,4.48,856.64
89,,9.52,462.68,8.14,110.2,7.2,607.72,4.48,235.46
90,,9.52,433.48,8.14,135.92,7.2,393.74,4.48,312.7
91,,9.52,103.02,8.14,247.1,7.2,66.84,4.48,159.74
92,,9.52,278.78,8.14,69.76,7.2,411.18,4.48,363.06
93,,9.52,67.84,8.14,7.56,7.2,3.98,4.48,453.54
94,,9.52,269.78,7.56,54.34,3.98,55.96,4.48,517.1
95,,9.52,71.56,7.56,365.04,3.98,579.2,4.48,209.7
96,,9.52,255.08,7.56,263.48,3.98,378.34,4.48,481.1
97,,9.52,280.9,7.56,205.46,3.98,257,4.48,7.6
98,,9.52,171.08,7.56,475.1,3.98,292.02,4.48,1017.88
99,,9.52,374.24,7.56,574.3,3.98,248.56,4.48,124.08
100,,9.52,91.74,7.56,79.24,3.98,137.96,4.48,355.9
101,,9.52,90.98,7.56,65.96,3.98,324.6,4.48,518.98
102,,9.52,211.1,7.56,76,3.98,501.46,4.48,5.14
103,,9.52,227.48,7.56,509.14,3.98,82.4,4.48,238.24
104,,9.52,77.6,7.56,273.58,3.98,218.12,4.48,489.42
105,,9.52,25,7.56,458.46,3.98,140.18,4.48,237
106,,9.52,351.26,7.56,10.54,3.98,94.98,4.48,368.9
107,,9.52,433.48,7.56,185.64,3.98,98.38,4.48,608.68
108,,9.52,60.06,7.56,258.84,3.98,63.3,4.48,722.92
109,,9.52,349.58,7.56,290.2,3.98,638.64,4.48,198.56
110,,9.52,50.32,7.56,405.3,3.98,342.34,4.48,37.24
111,,9.52,619.58,7.56,280.58,3.98,51.18,4.48,135.08
112,,9.52,22.88,7.56,419.28,3.98,530.06,4.48,755.96
113,,9.52,181.84,7.56,42.64,3.98,118.3,4.48,228.38
114,,9.52,115.14,7.56,652.98,3.98,233.54,4.48,76.84
115,,9.52,63.72,7.56,1000.34,3.98,545.8,4.48,399.96
116,,9.52,433.48,7.56,161.76,3.98,601.88,4.48,195.56
117,,9.52,228.82,7.56,589.78,3.98,225.06,4.48,457.04
118,,9.52,100.38,7.56,142.1,3.98,167.5,4.48,60.96
119,,9.52,103.02,7.56,22.72,3.98,2.6,4.48,683.08
120,,9.52,308.8,7.56,196.92,2.6,132.42,4.48,448.8
121,,9.52,60.68,7.56,254.62,2.6,225.98,4.48,143.88
122,,9.52,196.14,7.56,444.2,2.6,334.76,4.48,184.2
123,,9.52,148.62,7.56,42.2,2.6,77.24,4.48,625.44
124,,9.52,75.42,7.56,584.6,2.6,592.34,4.48,494.64
125,,9.52,433.48,7.56,258.84,2.6,803.74,4.48,927.24
126,,9.52,323.96,7.56,439.74,2.6,268.14,4.48,325.98
127,,9.52,505.54,7.56,247.66,2.6,233.02,4.48,734.52
128,,9.52,63.24,7.56,207.98,2.6,741.86,4.48,184.16
129,,9.52,60.68,7.56,249.74,2.6,202.62,4.48,149.06
130,,9.52,296.52,7.56,304.52,2.6,159.3,4.48,63.4
131,,9.52,34.86,7.56,175.1,2.6,141.06,4.48,955.48
132,,9.52,255.08,7.56,552.18,2.6,892.14,4.48,294.32
133,,9.52,58.26,7.56,135.58,2.6,335.94,4.48,406.62
134,,9.52,60.72,7.56,556.8,2.6,24.84,4.48,304.38
135,,9.52,87.86,7.56,34.44,2.6,271.94,4.48,408.3
136,,9.52,224.02,7.56,401.26,2.6,259.78,4.48,1310.58
137,,9.52,299.4,7.56,359.7,2.6,371.06,4.48,1015.6
138,,9.52,43.88,7.56,224.98,2.6,1129.82,4.48,314.3
139,,9.52,379.48,7.56,260.24,2.6,60.06,4.48,204.2
140,,9.52,332.36,7.56,197.12,2.6,483.74,4.48,382.62
141,,9.52,91.74,7.56,347.12,2.6,61.92,4.48,381.88
142,,9.52,161.9,7.56,167.36,2.6,255.82,4.48,36.5
143,,9.52,363.26,7.56,209.4,2.6,243.4,4.48,455.92
144,,9.52,199.46,7.56,802.44,2.6,420.02,4.48,174.66
145,,9.52,64.14,7.56,459.98,2.6,74.58,4.48,234.22
146,,9.52,78.24,7.56,180.44,2.6,1050.06,4.48,316.24
147,,9.52,433.48,7.56,0.74,2.6,103.98,4.48,111.34
148,,9.52,88.86,0.74,359.7,2.6,381.36,4.48,43.32
149,,9.52,394.18,0.74,333.3,2.6,365.74,4.48,973.96
150,,9.52,157.38,0.74,509.88,2.6,102.86,4.48,307.04
151,,9.52,100.9,0.74,131.7,2.6,318.72,4.48,856.04
152,,9.52,31.9,0.74,781.04,2.6,578.6,4.48,99
153,,9.52,100.38,0.74,636.98,2.6,154.5,4.48,296.94
154,,9.52,430.42,0.74,105.8,2.6,130,4.48,64.88
155,,9.52,461.8,0.74,455.68,2.6,51.94,4.48,541.04
156,,9.52,97.56,0.74,68.14,2.6,150.38,4.48,146.46
157,,9.52,394.18,0.74,218.24,2.6,206.82,4.48,93.98
158,,9.52,126.78,0.74,93.16,2.6,588.84,4.48,14.1
159,,9.52,265.56,0.74,82.06,2.6,525.98,4.48,195.48
160,,9.52,278.96,0.74,278.1,2.6,405.86,4.48,75.44
161,,9.52,105.08,0.74,27.68,2.6,642,4.48,240.98
162,,9.52,159.9,0.74,13.72,2.6,410.5,4.48,1269.48
163,,9.52,100.9,0.74,333.8,2.6,165.18,4.48,198.02
164,,9.52,117.72,0.74,765.48,2.6,494.06,4.48,501.98
165,,9.52,106.44,0.74,197.94,2.6,609.96,4.48,87.46
166,,9.52,444.24,0.74,655.96,2.6,229.2,4.48,454.66
167,,9.52,391.58,0.74,484.32,2.6,194.3,4.48,412.34
168,,9.52,433.48,0.74,174.54,2.6,795.82,4.48,904.5
169,,9.52,60.68,0.74,342.82,2.6,1029.9,4.48,621.64
170,,9.52,173.48,0.74,237.54,2.6,211.44,4.48,960.28
171,,9.52,128.48,0.74,312.8,2.6,358.08,4.48,192
172,,9.52,213.26,0.74,76.24,2.6,299.16,4.48,377.24
173,,9.52,48.16,0.74,312.94,2.6,85.3,4.48,226.16
174,,9.52,433.48,0.74,179.46,2.6,163.54,4.48,5.18
175,,9.52,211.1,0.74,45.86,2.6,100.34,4.48,1061.92
176,,9.52,132.4,0.74,188.6,2.6,266.34,4.48,200.32
177,,9.52,391.18,0.74,286.36,2.6,557.46,4.48,450
178,,9.52,615,0.74,278.8,2.6,282.12,4.48,1405.54
179,,9.52,397.04,0.74,183.26,2.6,184.4,4.48,539.44
180,,9.52,10.14,0.74,673.3,2.6,1171.24,4.48,673.18
181,,9.52,10.14,0.74,374.04,2.6,754.2,4.48,813.22
182,,9.52,133.92,0.74,245.12,2.6,366.86,4.48,806.88
183,,9.52,72.36,0.74,655.14,2.6,14.46,4.48,318.82
184,,9.52,365.12,0.74,292.76,2.6,275.62,4.48,22.04
185,,9.52,315.54,0.74,13.02,2.6,330.58,4.48,105.54
186,,9.52,433.48,0.74,156.9,2.6,629.62,4.48,754.32
187,,9.52,504.1,0.74,275.62,2.6,633.66,4.48,875.92
188,,9.52,44.5,0.74,192.54,2.6,504.64,4.48,732.06
189,,9.52,450.1,0.74,446.22,2.6,657.84,4.48,352.84
190,,9.52,141.14,0.74,533.88,2.6,113.18,4.48,24.76
191,,9.52,394.18,0.74,327.08,2.6,273.52,4.48,743.24
192,,9.52,224.02,0.74,14.22,2.6,46.84,4.48,1568.56
193,,9.52,422.5,0.74,115.64,2.6,785.02,4.48,484.58
194,,9.52,60.68,0.74,141.56,2.6,804.18,4.48,322.08
195,,9.52,32.8,0.74,24.1,2.6,542.32,4.48,765.32
196,,9.52,433.88,0.74,389.82,2.6,198.12,4.48,19.9
197,,9.52,103.02,0.74,92.32,2.6,174,4.48,151.74
198,,9.52,202.02,0.74,161.86,2.6,72.36,4.48,673.8
199,,9.52,374.54,0.74,36.22,2.6,133.98,4.48,864.06
200,,9.52,36.92,0.74,213.98,2.6,232.98,4.48,534.52
201,,9.52,157.82,0.74,13.48,2.6,308.12,4.48,660.48
202,,9.52,162.72,0.74,385.62,2.6,582.6,4.48,1227.66
203,,9.52,36.78,0.74,362.82,2.6,26.72,4.48,803.5
204,,9.52,100.44,0.74,434.92,2.6,8.66,4.48,18.9
205,,9.52,212.78,0.74,288.18,2.6,91.82,4.48,217.6
206,,9.52,318.62,0.74,39.84,2.6,154.28,4.48,472.2
207,,9.52,63.2,0.74,412.1,2.6,646.98,4.48,681.98
208,,9.52,249.44,0.74,547.9,2.6,413.5,4.48,19.46
209,,9.52,113.74,0.74,691.62,2.6,241.14,4.48,21.82
210,,9.52,38.36,0.74,476.16,2.6,334.6,4.48,675.8
211,,9.52,404.94,0.74,339.46,2.6,66.78,4.48,118.9
212,,9.52,195.96,0.74,455.04,2.6,666.94,4.48,363.06
213,,9.52,468.92,0.74,332.84,2.6,462.76,4.48,50.7
214,,9.52,47.5,0.74,416.72,2.6,109.26,4.48,168.8
215,,9.52,394.18,0.74,71.56,2.6,168.26,4.48,15.22
216,,9.52,433.48,0.74,111.34,2.6,109.92,4.48,53.64
217,,9.52,102.08,0.74,532.76,2.6,13.96,4.48,373.58
218,,9.52,546.3,0.74,351.92,2.6,422.16,4.48,87.88
219,,9.52,119.8,0.74,503.6,2.6,49.34,4.48,38.58
220,,9.52,224.02,0.74,673.22,2.6,43.32,4.48,634.48
221,,9.52,404.98,0.74,232.46,2.6,27.52,4.48,362.88
222,,9.52,17.3,0.74,62.48,2.6,779.04,4.48,331.66
223,,9.52,168.3,0.74,565.6,2.6,513.38,4.48,1584.28
224,,9.52,74.48,0.74,410.64,2.6,264.62,4.48,309.9
225,,9.52,385.3,0.74,315.74,2.6,1260.2,4.48,232.72
226,,9.52,392.1,0.74,630.74,2.6,157.98,4.48,286.36
227,,9.52,6.8,0.74,161.62,2.6,270.24,4.48,1427.5
228,,6.8,35.48,0.74,281.42,2.6,758.2,4.48,868.68
229,,6.8,501.28,0.74,1016.18,2.6,209.6,4.48,362.2
230,,6.8,40.7,0.74,273.64,2.6,626.28,4.48,0.32
231,,6.8,125.28,0.74,196.22,2.6,31.08,0.32,717.7
232,,6.8,223.7,0.74,298.62,2.6,135.46,0.32,271.82
233,,6.8,112.42,0.74,213.56,2.6,287.98,0.32,266.36
234,,6.8,73.82,0.74,168.02,2.6,877.28,0.32,155.64
235,,6.8,128.02,0.74,55.2,2.6,209.64,0.32,596.08
236,,6.8,35.48,0.74,242.4,2.6,360.44,0.32,1028.74
237,,6.8,290.94,0.74,599.82,2.6,80.18,0.32,1034.34
238,,6.8,16.96,0.74,361.74,2.6,385.1,0.32,271.8
239,,6.8,35.48,0.74,417.64,2.6,513.48,0.32,388.9
240,,6.8,436.38,0.74,448.92,2.6,564.36,0.32,42.76
241,,6.8,16.96,0.74,392.3,2.6,29.06,0.32,19.7
242,,6.8,34.74,0.74,294.84,2.6,132.98,0.32,2.06
243,,6.8,118.2,0.74,360.82,2.6,356.7,0.32,393.42
244,,6.8,233.38,0.74,122.52,2.6,1152.98,0.32,172.02
245,,6.8,35.48,0.74,570.86,2.6,768.04,0.32,458.76
246,,6.8,122.68,0.74,228.52,2.6,531.4,0.32,433.26
247,,6.8,14.84,0.74,231.44,2.6,767.9,0.32,152.18
248,,6.8,325.7,0.74,223.36,2.6,246,0.32,5.36
249,,6.8,154.56,0.74,668.12,2.6,632.9,0.32,373.2
250,,6.8,195.36,0.74,617.34,2.6,307.68,0.32,1145.76
251,,6.8,315.44,0.74,550.1,2.6,717.52,0.32,46.72
252,,6.8,234.04,0.74,44.74,2.6,549,0.32,48.74
253,,6.8,135.1,0.74,178.78,2.6,26.7,0.32,541.18
254,,6.8,66.6,0.74,269.24,2.6,705.64,0.32,1167.24
255,,6.8,142.8,0.74,152.6,2.6,855.34,0.32,264.68
256,,6.8,195.36,0.74,194.08,2.6,622.44,0.32,45.48
257,,6.8,386.62,0.74,879.78,2.6,40.68,0.32,796.52
258,,6.8,18.16,0.74,59.16,2.6,419.22,0.32,585.74
259,,6.8,43.36,0.74,345.02,2.6,459.78,0.32,106.94
260,,6.8,209.5,0.74,5.18,2.6,331.18,0.32,169
261,,6.8,56.16,0.74,146.08,2.6,170.88,0.32,150.58
262,,6.8,308.76,0.74,867.24,2.6,192.34,0.32,270.78
263,,6.8,13.52,0.74,100.16,2.6,300.34,0.32,415.32
264,,6.8,531.16,0.74,357.5,2.6,73.58,0.32,239.5
265,,6.8,217.82,0.74,247.02,2.6,77.84,0.32,138.64
266,,6.8,477.14,0.74,190.74,2.6,957.24,0.32,767.1
267,,6.8,117.1,0.74,493.72,2.6,512.06,0.32,282.36
268,,6.8,124.06,0.74,673.3,2.6,389.5,0.32,824.02
269,,6.8,209.5,0.74,181.52,2.6,53.84,0.32,95.56
270,,6.8,195.36,0.74,508.4,2.6,726.3,0.32,63.8
271,,6.8,56.16,0.74,482.46,2.6,340.86,0.32,366.16
272,,6.8,369.12,0.74,45.34,2.6,68.9,0.32,405.08
273,,6.8,501.2,0.74,372.98,2.6,230.2,0.32,66.38
274,,6.8,259.98,0.74,530.58,2.6,519.8,0.32,1165.5
275,,6.8,45.88,0.74,331.94,2.6,1186.98,0.32,386.3
276,,6.8,3.2,0.74,362.36,2.6,575.32,0.32,282.68
277,,3.2,153.84,0.74,75.76,2.6,327.44,0.32,472.96
278,,3.2,226.14,0.74,560.5,2.6,625.98,0.32,364.72
279,,3.2,4.58,0.74,475.42,2.6,323.64,0.32,30.3
280,,3.2,155.14,0.74,457,2.6,57.66,0.32,722.62
281,,3.2,36.1,0.74,291.66,2.6,1210.48,0.32,1017.64
282,,3.2,29.78,0.74,334.98,2.6,257.42,0.32,658.48
283,,3.2,117.6,0.74,225.32,2.6,346.66,0.32,171.46
284,,3.2,162.8,0.74,390.6,2.6,365.62,0.32,321.84
285,,3.2,106.48,0.74,1000.92,2.6,370.4,0.32,767.82
286,,3.2,335.26,0.74,520.9,2.6,653.46,0.32,369.28
287,,3.2,337.66,0.74,433.84,2.6,500.6,0.32,356.58
288,,3.2,269.66,0.74,201.52,2.6,223.78,0.32,222.28
289,,3.2,191.66,0.74,617.26,2.6,321.28,0.32,753.72
290,,3.2,7.52,0.74,58,2.6,585.04,0.32,822.68
291,,3.2,282.28,0.74,193.9,2.6,613.08,0.32,415.98
292,,3.2,486.42,0.74,555.94,2.6,293.7,0.32,708.98
293,,3.2,345.42,0.74,95.44,2.6,16.44,0.32,13.18
294,,3.2,272.64,0.74,110,2.6,247.56,0.32,616.78
295,,3.2,194.52,0.74,11.84,2.6,1130.86,0.32,49.5
296,,3.2,99.06,0.74,19.98,2.6,283.36,0.32,458.56
297,,3.2,10.3,0.74,306.82,2.6,137.7,0.32,211.14
298,,3.2,332.24,0.74,536.08,2.6,183.98,0.32,515.74
299,,3.2,71.56,0.74,116.78,2.6,287.08,0.32,580.18
300,,3.2,125.78,0.74,300.16,2.6,718.02,0.32,168.38
301,,3.2,86.18,0.74,367.92,2.6,445.68,0.32,651.5
302,,3.2,99.06,0.74,194.74,2.6,599.74,0.32,415.74
303,,3.2,215.38,0.74,360.26,2.6,678.42,0.32,1339.2
304,,3.2,56.84,0.74,176.28,2.6,310.6,0.32,151.42
305,,3.2,209.96,0.74,37.12,2.6,128.32,0.32,1151.2
306,,3.2,36.1,0.74,237.98,2.6,162.82,0.32,340.98
307,,3.2,173.2,0.74,935.3,2.6,653.7,0.32,357.12
308,,3.2,254.12,0.74,312.1,2.6,415.34,0.32,706.18
309,,3.2,155.96,0.74,499.4,2.6,137.6,0.32,616.76
310,,3.2,155.96,0.74,670.1,2.6,319.96,0.32,946.78
311,,3.2,171.98,0.74,773.04,2.6,254.38,0.32,95.96
312,,3.2,209.96,0.74,472.76,2.6,337.88,0.32,1077.14
313,,3.2,50.2,0.74,253.3,2.6,213.28,0.32,98.82
314,,3.2,99.06,0.74,237.66,2.6,113.26,0.32,778.14
315,,3.2,70.94,0.74,399.08,2.6,462.98,0.32,1793.68
316,,3.2,221.96,0.74,473.84,2.6,182.52,0.32,99.16
317,,3.2,6.8,0.74,852.94,2.6,40.66,0.32,804.32
318,,3.2,150.4,0.74,277.86,2.6,158.46,0.32,716.72
319,,3.2,7.32,0.74,527.36,2.6,450.42,0.32,823.18
320,,3.2,7.32,0.74,521.3,2.6,17.16,0.32,24.26
321,,3.2,6.8,0.74,153.84,2.6,271.82,0.32,78.72
322,,3.2,313.32,0.74,21.88,2.6,682.92,0.32,601.56
323,,3.2,57.68,0.74,407.12,2.6,434.64,0.32,244.02
324,,3.2,224.64,0.74,453.58,2.6,104.96,0.32,919.12
325,,3.2,425.72,0.74,124.88,2.6,486.38,0.32,556.78
326,,3.2,190.94,0.74,489.9,2.6,638.34,0.32,911.5
327,,3.2,17.56,0.74,233.52,2.6,378.34,0.32,504.6
328,,3.2,173.2,0.74,504.78,2.6,476.7,0.32,200.12
329,,3.2,162.72,0.74,232.86,2.6,497.06,0.32,1203.82
330,,3.2,117.2,0.74,138.54,2.6,407.78,0.32,20.6
331,,3.2,91.6,0.74,177.28,2.6,519.28,0.32,492.78
332,,3.2,118.22,0.74,310.62,2.6,16.86,0.32,772.8
333,,3.2,13.72,0.74,682.72,2.6,565.22,0.32,328.04
334,,3.2,166.8,0.74,270.16,2.6,584.72,0.32,229.86
335,,3.2,322.58,0.74,413.82,2.6,380.7,0.32,61.98
336,,3.2,80.5,0.74,387.52,2.6,584.24,0.32,500.6
337,,3.2,75.42,0.74,722.5,2.6,65.76,0.32,866.08
338,,3.2,155.96,0.74,423.6,2.6,917.5,0.32,92.04
339,,3.2,121.5,0.74,269.38,2.6,155.84,0.32,481.18
340,,3.2,284.28,0.74,230.92,2.6,173.46,0.32,1018.62
341,,3.2,71.46,0.74,117.46,2.6,194.7,0.32,515.72
342,,3.2,73.06,0.74,493.24,2.6,72.86,0.32,172.3
343,,3.2,188.14,0.74,195.5,2.6,286.92,0.32,251.06
344,,3.2,118.22,0.74,275.9,2.6,622.12,0.32,666.9
345,,3.2,372.74,0.74,22.62,2.6,698.24,0.32,998.58
346,,3.2,128.46,0.74,428.82,2.6,205.92,0.32,38.54
347,,3.2,103.88,0.74,194.74,2.6,122.42,0.32,444.04
348,,3.2,530.7,0.74,106.04,2.6,126.1,0.32,622.86
349,,3.2,199.2,0.74,330.68,2.6,91.34,0.32,1236.34
350,,3.2,158.3,0.74,65.7,2.6,721.24,0.32,1.14
351,,3.2,22.1,0.74,439.14,2.6,734.12,0.32,418.92
352,,3.2,307.74,0.74,187.54,2.6,438.02,0.32,812.5
353,,3.2,173.48,0.74,192.1,2.6,558.66,0.32,1381.1
354,,3.2,88.3,0.74,64.02,2.6,292.42,0.32,194.38
355,,3.2,32.8,0.74,601.42,2.6,488.12,0.32,857.12
356,,3.2,209.96,0.74,138.72,2.6,411.58,0.32,96.26
357,,3.2,44,0.74,817.66,2.6,631.18,0.32,248.22
358,,3.2,117.6,0.74,535.68,2.6,261.34,0.32,456.9
359,,3.2,205.52,0.74,760.02,2.6,644.84,0.32,231.56
360,,3.2,56.88,0.74,95.96,2.6,449.1,0.32,39.42
361,,3.2,1.46,0.74,149.78,2.6,161.88,0.32,252.32
362,,1.46,87.64,0.74,614.08,2.6,120.84,0.32,34.9
363,,1.46,82.7,0.74,16.5,2.6,501.66,0.32,450.82
364,,1.46,358.22,0.74,525.28,2.6,293.74,0.32,694.82
365,,1.46,386.44,0.74,209.54,2.6,433.56,0.32,1309.1
366,,1.46,546.36,0.74,580.72,2.6,206.06,0.32,36.02
367,,1.46,258.1,0.74,689.86,2.6,352,0.32,1634.62
368,,1.46,184.22,0.74,501.46,2.6,444.24,0.32,664.28
369,,1.46,308.16,0.74,405.32,2.6,318.06,0.32,344.16
370,,1.46,312.04,0.74,363.46,2.6,59.42,0.32,400.64
371,,1.46,212.68,0.74,672.3,2.6,373.92,0.32,767.08
372,,1.46,121.38,0.74,28.28,2.6,545.34,0.32,383.94
373,,1.46,70.38,0.74,660.34,2.6,271.44,0.32,1018.82
374,,1.46,205.66,0.74,620.58,2.6,386.62,0.32,70.12
375,,1.46,24.82,0.74,122.62,2.6,469.54,0.32,227.8
376,,1.46,205.04,0.74,170.6,2.6,701.84,0.32,131.7
377,,1.46,175.38,0.74,180.26,2.6,105.94,0.32,990.58
378,,1.46,412.34,0.74,616.72,2.6,212.24,0.32,345.5
379,,1.46,56.84,0.74,71.84,2.6,453.94,0.32,63.98
380,,1.46,492.88,0.74,317.46,2.6,32.02,0.32,483.28
381,,1.46,82.7,0.74,301.66,2.6,317.3,0.32,1169.16
382,,1.46,430.3,0.74,500.42,2.6,528.14,0.32,721.66
383,,1.46,30.26,0.74,151.56,2.6,66.36,0.32,525.86
384,,1.46,121.38,0.74,23.5,2.6,616.46,0.32,634.06
385,,1.46,121.38,0.74,664.62,2.6,247.24,0.32,406.32
386,,1.46,298.12,0.74,336.96,2.6,370.84,0.32,234.32
387,,1.46,339.54,0.74,270.14,2.6,251.9,0.32,18.16
388,,1.46,98.7,0.74,57.42,2.6,204.52,0.32,306.86
389,,1.46,90.54,0.74,256.22,2.6,473.38,0.32,1173.52
390,,1.46,116.84,0.74,234.84,2.6,864.9,0.32,760.7
391,,1.46,306.16,0.74,95,2.6,95.4,0.32,280.84
392,,1.46,122,0.74,309.42,2.6,59.2,0.32,224.4
393,,1.46,326.46,0.74,64.76,2.6,186.62,0.32,725.58
394,,1.46,105.28,0.74,162.44,2.6,323.66,0.32,603.7
395,,1.46,152.18,0.74,81.48,2.6,461.28,0.32,144.16
396,,1.46,108.26,0.74,685.12,2.6,333.2,0.32,1093.3
397,,1.46,72.2,0.74,421.4,2.6,615,0.32,509.1
398,,1.46,306.18,0.74,453.1,2.6,139.4,0.32,52.14
399,,1.46,359.22,0.74,330.4,2.6,53.46,0.32,541.7
400,,1.46,111.24,0.74,590.16,2.6,548.42,0.32,241.22
401,,1.46,393.02,0.74,109.8,2.6,509.32,0.32,586.4
402,,1.46,203.6,0.74,62,2.6,428.92,0.32,1110.54
403,,1.46,263.96,0.74,127.46,2.6,441.9,0.32,591.62
404,,1.46,124.88,0.74,204.32,2.6,169.24,0.32,73.16
405,,1.46,23.68,0.74,448.84,2.6,613.7,0.32,14.26
406,,1.46,191.74,0.74,86.04,2.6,509.24,0.32,442.88
407,,1.46,135.62,0.74,142.92,2.6,505.98,0.32,1224.04
408,,1.46,217.68,0.74,204.18,2.6,7.52,0.32,359.98
409,,1.46,187.5,0.74,502.62,2.6,158,0.32,49.76
410,,1.46,83.64,0.74,487.42,2.6,69.18,0.32,177.88
411,,1.46,175.38,0.74,437.2,2.6,475.2,0.32,491.62
412,,1.46,136.24,0.74,358.36,2.6,734.14,0.32,855.04
413,,1.46,258.1,0.74,30.6,2.6,120.58,0.32,1114.48
414,,1.46,134.1,0.74,719.52,2.6,398.66,0.32,1792.02
415,,1.46,225.18,0.74,335.3,2.6,193.76,0.32,1425.58
416,,1.46,62.98,0.74,580.62,2.6,59.9,0.32,772.96
417,,1.46,317.88,0.74,443.8,2.6,305.56,0.32,532.84
418,,1.46,198.22,0.74,103.76,2.6,700.18,0.32,203.62
419,,1.46,136.26,0.74,155.06,2.6,70.84,0.32,441.78
420,,1.46,14.76,0.74,252.36,2.6,349.84,0.32,144.86
421,,1.46,246.82,0.74,280.38,2.6,491.8,0.32,116.52
422,,1.46,311.58,0.74,356.24,2.6,127.06,0.32,1194.06
423,,1.46,19.8,0.74,280.84,2.6,656.2,0.32,336.04
424,,1.46,175.38,0.74,7.64,2.6,873.38,0.32,237.04
425,,1.46,133.48,0.74,683.74,2.6,895.26,0.32,222.46
426,,1.46,182.78,0.74,54.24,2.6,484.86,0.32,157.52
427,,1.46,452.62,0.74,434.36,2.6,97.34,0.32,344.12
428,,1.46,259.6,0.74,337.52,2.6,391.02,0.32,14.38
429,,1.46,149.6,0.74,501.12,2.6,191.08,0.32,12.04
430,,1.46,122,0.74,373.36,2.6,536.64,0.32,364.8
431,,1.46,122,0.74,681.02,2.6,351.18,0.32,311.28
432,,1.46,177.54,0.74,313.92,2.6,330.06,0.32,421.08
433,,1.46,216.42,0.74,17.62,2.6,98.42,0.32,343.22
434,,1.46,23.84,0.74,290.8,2.6,532.2,0.32,77.7
435,,1.46,102.48,0.74,67.44,2.6,528.82,0.32,1562.7
436,,1.46,122,0.74,499.5,2.6,293,0.32,471
437,,1.46,110.62,0.74,482.02,2.6,780.42,0.32,326
438,,1.46,252.7,0.74,107.5,2.6,537.1,0.32,818.36
439,,1.46,393.02,0.74,47.04,2.6,24.98,0.32,412.54
440,,1.46,175.38,0.74,329.76,2.6,152.16,0.32,500.34
441,,1.46,163.36,0.74,86.24,2.6,630.82,0.32,426.78
442,,1.46,35.58,0.74,442.26,2.6,181.48,0.32,526.8
443,,1.46,35.58,0.74,1.9,2.6,600.8,0.32,605.6
444,,1.46,70.38,0.74,44.42,2.6,126.88,0.32,319.98
445,,1.46,109.36,0.74,109.64,2.6,168.16,0.32,129.2
446,,1.46,59.4,0.74,33.86,2.6,800.38,0.32,59.02
447,,1.46,286.48,0.74,449.5,2.6,130.56,0.32,247.38
448,,1.46,155.08,0.74,82.54,2.6,1136.86,0.32,340.32
449,,1.46,150.04,0.74,82.96,2.6,100.06,0.32,846.02
450,,1.46,217.06,0.74,217.62,2.6,382.42,0.32,28.94
451,,1.46,205.6,0.74,133.84,2.6,349.44,0.32,77.08
452,,1.46,104.66,0.74,394.9,2.6,630.82,0.32,49.74
453,,1.46,82.32,0.74,106.64,2.6,1102.98,0.32,9.14
454,,1.46,155.08,0.74,591.36,2.6,177.9,0.32,462.42
455,,1.46,298.28,0.74,278.98,2.6,21.92,0.32,678.88
456,,1.46,140.08,0.74,183.14,2.6,479.92,0.32,383.96
457,,1.46,72.46,0.74,612.72,2.6,137.52,0.32,129.04
458,,1.46,112.52,0.74,215.12,2.6,921.2,0.32,55.12
459,,1.46,9.5,0.74,589.66,2.6,536.98,0.32,171.64
460,,1.46,110.62,0.74,526.44,2.6,292.34,0.32,295.66
461,,1.46,334.92,0.74,741.84,2.6,435.7,0.32,510.68
462,,1.46,36.58,0.74,449.64,2.6,90.72,0.32,370.62
463,,1.46,177.98,0.74,544.56,2.6,148.74,0.32,430.78
464,,1.46,205.5,0.74,648.6,2.6,147.4,0.32,697.52
465,,1.46,68.94,0.74,220.5,2.6,1204.72,0.32,1029.5
466,,1.46,211.1,0.74,428.52,2.6,1220.2,0.32,107.74
467,,1.46,83.32,0.74,73.26,2.6,544.44,0.32,625.5
468,,1.46,62.56,0.74,131.72,2.6,95.58,0.32,468.52
469,,1.46,145.64,0.74,307.6,2.6,476.82,0.32,490.62
470,,1.46,175.38,0.74,7.84,2.6,422.16,0.32,434.46
471,,1.46,28.94,0.74,697.7,2.6,610.18,0.32,66.36
472,,1.46,112.16,0.74,268.54,2.6,230.84,0.32,141.12
473,,1.46,163.68,0.74,333.9,2.6,290.26,0.32,253.82
474,,1.46,121.38,0.74,203.7,2.6,90.5,0.32,57.94
475,,1.46,482.12,0.74,166.04,2.6,154.78,0.32,864.64
476,,1.46,194.38,0.74,376.14,2.6,513.14,0.32,134.34
477,,1.46,203.6,0.74,721.24,2.6,347.66,0.32,28.6
478,,1.46,136.26,0.74,921.3,2.6,377.4,0.32,1040.9
479,,1.46,72.46,0.74,584.12,2.6,102.32,0.32,235.74
480,,1.46,112.16,0.74,237.92,2.6,628.18,0.32,124.04
481,,1.46,96.94,0.74,509.16,2.6,178.04,0.32,17.1
482,,1.46,270.9,0.74,136.8,2.6,126.86,0.32,1263.32
483,,1.46,30.26,0.74,278.98,2.6,215.66,0.32,1193.68
484,,1.46,342.58,0.74,3.8,2.6,202.94,0.32,24.88
485,,1.46,274.12,0.74,409.18,2.6,4.36,0.32,367.84
486,,1.46,386.44,0.74,94.54,2.6,189.92,0.32,926.46
487,,1.46,109.36,0.74,374.52,2.6,93.66,0.32,520.28
488,,1.46,163.44,0.74,897.08,2.6,371.94,0.32,482.02
489,,1.46,176.14,0.74,105.8,2.6,50.22,0.32,806.82
490,,1.46,175.38,0.74,255.34,2.6,325.94,0.32,411.8
491,,1.46,193.76,0.74,89.8,2.6,200.9,0.32,161.26
492,,1.46,339.96,0.74,208.62,2.6,303.72,0.32,47.86
493,,1.46,21.52,0.74,13.82,2.6,642.48,0.32,523.7
494,,1.46,211.1,0.74,492.56,2.6,203.32,0.32,152.22
495,,1.46,340.58,0.74,13.84,2.6,39.22,0.32,164.38
496,,1.46,61.6,0.74,201.86,2.6,708.74,0.32,238.84
497,,1.46,55.5,0.74,420.42,2.6,130.02,0.32,148.48
498,,1.46,182.6,0.74,253.64,2.6,835.2,0.32,772.08
499,,1.46,40.46,0.74,94.74,2.6,865.9,0.32,184.62
500,,1.46,8.98,0.74,88.54,2.6,41.84,0.32,585.3
501,,1.46,98.08,0.74,148.74,2.6,75.6,0.32,815.28
502,,1.46,82.7,0.74,384.4,2.6,251.02,0.32,685.94
503,,1.46,312.04,0.74,184.22,2.6,401.18,0.32,875.64
504,,1.46,82.7,0.74,42.86,2.6,121.14,0.32,489.32
505,,1.46,482.12,0.74,448.38,2.6,328.24,0.32,606.72
506,,1.46,26.36,0.74,195.8,2.6,699.42,0.32,612.82
507,,1.46,98.7,0.74,74.8,2.6,563.32,0.32,163.6
508,,1.46,82.7,0.74,352.28,2.6,44.82,0.32,313.46
509,,1.46,381.54,0.74,96.22,2.6,540.02,0.32,10.66
510,,1.46,5.1,0.74,214.42,2.6,750.64,0.32,215.54
511,,1.46,144.78,0.74,433.5,2.6,413.1,0.32,377.22
512,,1.46,175.38,0.74,55.8,2.6,1064.34,0.32,307.08
513,,1.46,166.36,0.74,135.04,2.6,593.62,0.32,704.26
514,,1.46,153.18,0.74,264.48,2.6,237.64,0.32,870.86
515,,1.46,339.54,0.74,170.58,2.6,29.08,0.32,366.26
516,,1.46,43.12,0.74,506.58,2.6,581.56,0.32,404.82
517,,1.46,101.06,0.74,97.64,2.6,351.66,0.32,120.52
518,,1.46,166.36,0.74,352.04,2.6,136.62,0.32,162.32
519,,1.46,175.38,0.74,281.14,2.6,665.66,0.32,958
520,,1.46,121.38,0.74,278.2,2.6,299.3,0.32,1173.22
521,,1.46,482.12,0.74,205.64,2.6,54.66,0.32,514.44
522,,1.46,71.94,0.74,246.8,2.6,0.04,0.32,268.66
523,,1.46,175.38,0.74,297.04,0.04,39.38,0.32,316.98
524,,1.46,10.12,0.74,90.46,0.04,28.7,0.32,545.8
525,,1.46,111.24,0.74,411.7,0.04,748.32,0.32,241.48
526,,1.46,246.82,0.74,75.28,0.04,682.28,0.32,798.4
527,,1.46,555.5,0.74,495.3,0.04,91.76,0.32,64.18
528,,1.46,155.08,0.74,122.4,0.04,300.88,0.32,687.88
529,,1.46,97.4,0.74,170.36,0.04,141.96,0.32,368.14
530,,1.46,358.22,0.74,878.62,0.04,249,0.32,10.06
531,,1.46,30.56,0.74,314.04,0.04,208.02,0.32,200.12
532,,1.46,1.16,0.74,105.86,0.04,619.88,0.32,1369.68
533,,1.16,140.08,0.74,232.46,0.04,343.32,0.32,356.66
534,,1.16,151.92,0.74,474.56,0.04,193.5,0.32,360.2
535,,1.16,268.68,0.74,190.08,0.04,48.48,0.32,371.04
536,,1.16,212.24,0.74,386.72,0.04,284.64,0.32,506.4
537,,1.16,171.2,0.74,412.76,0.04,78.54,0.32,95.92
538,,1.16,17.74,0.74,285.52,0.04,410.82,0.32,103.2
539,,1.16,234.46,0.74,111.38,0.04,413.48,0.32,299.38
540,,1.16,196.78,0.74,106.96,0.04,306.08,0.32,612.8
541,,1.16,151.92,0.74,52.98,0.04,919.6,0.32,574.58
542,,1.16,151.92,0.74,78.38,0.04,352.34,0.32,418.38
543,,1.16,280.76,0.74,93.64,0.04,243.02,0.32,366.42
544,,1.16,253.04,0.74,40.46,0.04,130.6,0.32,780.08
545,,1.16,143.62,0.74,633.3,0.04,89.6,0.32,229.8
546,,1.16,265.3,0.74,20.16,0.04,798.26,0.32,9.82
547,,1.16,73.66,0.74,76.36,0.04,479.24,0.32,605.18
548,,1.16,113.24,0.74,328.08,0.04,99.98,0.32,573.12
549,,1.16,240.5,0.74,286.32,0.04,211.44,0.32,171.72
550,,1.16,270.8,0.74,98.24,0.04,242.38,0.32,896.84
551,,1.16,170.14,0.74,123.92,0.04,885.1,0.32,497
552,,1.16,303.98,0.74,454.22,0.04,158.06,0.32,1291.72
553,,1.16,91.42,0.74,59.64,0.04,632.14,0.32,443.56
554,,1.16,116.56,0.74,302.64,0.04,50.7,0.32,1217.98
555,,1.16,295.6,0.74,366.86,0.04,559.26,0.32,1706.18
556,,1.16,71.56,0.74,140.72,0.04,564.92,0.32,555.38
557,,1.16,17.56,0.74,96.08,0.04,156.4,0.32,30.6
558,,1.16,134.62,0.74,5.68,0.04,172.7,0.32,221.2
559,,1.16,268.16,0.74,467.5,0.04,689.26,0.32,262.82
560,,1.16,130.4,0.74,478.3,0.04,157.28,0.32,767.84
561,,1.16,179.06,0.74,64.96,0.04,600.48,0.32,765.18
562,,1.16,118.22,0.74,148.7,0.04,509.94,0.32,1113.88
563,,1.16,113.24,0.74,58.68,0.04,332.34,0.32,182.94
564,,1.16,295.6,0.74,115.06,0.04,645.42,0.32,730.34
565,,1.16,110.24,0.74,225.3,0.04,280.24,0.32,1564.18
566,,1.16,131.04,0.74,736.54,0.04,497.78,0.32,51.16
567,,1.16,242.62,0.74,423.6,0.04,341.86,0.32,277.64
568,,1.16,91.42,0.74,158.32,0.04,417.7,0.32,679.98
569,,1.16,107.34,0.74,104.26,0.04,29.04,0.32,160.08
570,,1.16,67.12,0.74,293.54,0.04,588.94,0.32,10.98
571,,1.16,27.52,0.74,73.9,0.04,142.9,0.32,515.64
572,,1.16,170.56,0.74,588.4,0.04,50.12,0.32,963.06
573,,1.16,239.92,0.74,266.12,0.04,707.7,0.32,213.02
574,,1.16,81.24,0.74,230.02,0.04,434.06,0.32,0.52
575,,1.16,242.62,0.74,631.38,0.04,516.44,0.32,1295.14
576,,1.16,217.3,0.74,547.28,0.04,69.6,0.32,734.22
577,,1.16,104.66,0.74,188.1,0.04,69.26,0.32,164.32
578,,1.16,7.66,0.74,409.24,0.04,10.94,0.32,744.7
579,,1.16,61.78,0.74,123.74,0.04,740.74,0.32,1266.22
580,,1.16,61.78,0.74,427.34,0.04,661.38,0.32,1486.14
581,,1.16,230.42,0.74,49.68,0.04,245.18,0.32,630.02
582,,1.16,118.74,0.74,494.74,0.04,553.22,0.32,928.42
583,,1.16,159.9,0.74,1.76,0.04,900.24,0.32,172.96
584,,1.16,144.44,0.74,482.28,0.04,301.84,0.32,12.12
585,,1.16,582.34,0.74,248.66,0.04,520.04,0.32,695.74
586,,1.16,23.06,0.74,129.36,0.04,696.16,0.32,117.74
587,,1.16,386.7,0.74,594.94,0.04,360.16,0.32,478.6
588,,1.16,116.56,0.74,346.94,0.04,386.36,0.32,425.16
589,,1.16,27.52,0.74,553.76,0.04,91.1,0.32,330.78
590,,1.16,32.96,0.74,487.98,0.04,385.96,0.32,352.84
591,,1.16,439.76,0.74,48.4,0.04,396.9,0.32,193.9
592,,1.16,303.98,0.74,345.84,0.04,62.06,0.32,397.7
593,,1.16,191.52,0.74,304.12,0.04,61.96,0.32,234.58
594,,1.16,64.22,0.74,11.18,0.04,252.24,0.32,402.02
595,,1.16,29.64,0.74,223.82,0.04,204.74,0.32,1057.88
596,,1.16,113.24,0.74,677.88,0.04,371.62,0.32,686.66
597,,1.16,6.42,0.74,511.68,0.04,476.52,0.32,627.38
598,,1.16,132.84,0.74,385.7,0.04,1200.94,0.32,420.36
599,,1.16,135.52,0.74,17.42,0.04,173.94,0.32,2069.14
600,,1.16,295.98,0.74,122.5,0.04,96.98,0.32,727.46
601,,1.16,83.38,0.74,4.42,0.04,469.04,0.32,245.86
602,,1.16,151.92,0.74,723.76,0.04,466.28,0.32,37.48
603,,1.16,143.1,0.74,20.18,0.04,760.5,0.32,50.54
604,,1.16,23.94,0.74,460.1,0.04,681.2,0.32,244.02
605,,1.16,223.12,0.74,85.96,0.04,875.46,0.32,4.18
606,,1.16,26.48,0.74,11.88,0.04,172.52,0.32,244.42
607,,1.16,420.34,0.74,61.2,0.04,394.68,0.32,536.42
608,,1.16,198.78,0.74,99.48,0.04,51.94,0.32,667.8
609,,1.16,353.52,0.74,306.32,0.04,452.46,0.32,205.66
610,,1.16,303.98,0.74,296.78,0.04,193.28,0.32,257.72
611,,1.16,117.68,0.74,297.76,0.04,105.22,0.32,18.4
612,,1.16,528.86,0.74,256.22,0.04,9.22,0.32,505.18
613,,1.16,294.08,0.74,60.72,0.04,181.4,0.32,714
614,,1.16,204.98,0.74,526.12,0.04,32.94,0.32,218.12
615,,1.16,268.68,0.74,268.28,0.04,329.78,0.32,860.54
616,,1.16,293.56,0.74,579.56,0.04,293.72,0.32,120.24
617,,1.16,306.1,0.74,730.9,0.04,463.92,0.32,1673.44
618,,1.16,356.18,0.74,390.42,0.04,744.48,0.32,61.4
619,,1.16,64.74,0.74,691.7,0.04,422.48,0.32,497.94
620,,1.16,39.34,0.74,143.58,0.04,117.32,0.32,198.82
621,,1.16,169.68,0.74,337.7,0.04,235.58,0.32,537.34
622,,1.16,210.94,0.74,324.52,0.04,296.6,0.32,50.66
623,,1.16,277.32,0.74,149.1,0.04,931.04,0.32,222.66
624,,1.16,33.84,0.74,416.62,0.04,1345.92,0.32,216.7
625,,1.16,303.98,0.74,70.78,0.04,315.94,0.32,127.12
626,,1.16,258.72,0.74,410.96,0.04,339.08,0.32,270.34
627,,1.16,305.88,0.74,675.12,0.04,53.28,0.32,69.4
628,,1.16,87.84,0.74,382.1,0.04,538.74,0.32,386.86
629,,1.16,64.74,0.74,272.76,0.04,628.02,0.32,501.22
630,,1.16,82.3,0.74,28.9,0.04,392.54,0.32,364
631,,1.16,26.48,0.74,785.04,0.04,86.1,0.32,239.98
632,,1.16,33.84,0.74,548.98,0.04,973.26,0.32,88.26
633,,1.16,26.48,0.74,90.76,0.04,450.1,0.32,1165.16
634,,1.16,122.94,0.74,451.42,0.04,325.94,0.32,326.1
635,,1.16,35.92,0.74,369.74,0.04,69.76,0.32,115.94
636,,1.16,87.84,0.74,417.58,0.04,761.32,0.32,37.86
637,,1.16,65.16,0.74,63.42,0.04,20.74,0.32,273.28
638,,1.16,169.62,0.74,252.12,0.04,549.8,0.32,75.76
639,,1.16,261.8,0.74,5.16,0.04,93.38,0.32,403.6
640,,1.16,371.22,0.74,178.84,0.04,474.9,0.32,221.38
641,,1.16,425.08,0.74,311.42,0.04,565.78,0.32,343.14
642,,1.16,311.7,0.74,78.56,0.04,419.78,0.32,1155.64
643,,1.16,145.94,0.74,132.2,0.04,284.04,0.32,207.92
644,,1.16,308.68,0.74,131.86,0.04,802.62,0.32,1066.52
645,,1.16,77.94,0.74,146.32,0.04,116.62,0.32,167.98
646,,1.16,113.24,0.74,283.54,0.04,467.58,0.32,109.28
647,,1.16,312.2,0.74,224.22,0.04,640.56,0.32,84.46
648,,1.16,23.42,0.74,337.94,0.04,393.68,0.32,525.8
649,,1.16,121.52,0.74,378.86,0.04,58.4,0.32,658.7
650,,1.16,159.9,0.74,49.94,0.04,583.42,0.32,423.34
651,,1.16,1.16,0.74,10.9,0.04,131.34,0.32,256.96
652,,1.16,318.28,0.74,355.42,0.04,309.66,0.32,324.26
653,,1.16,65.16,0.74,232.34,0.04,367.94,0.32,511.2
654,,1.16,326.68,0.74,389.46,0.04,212.88,0.32,25.64
655,,1.16,39.34,0.74,220.26,0.04,238.36,0.32,1072.34
656,,1.16,5.72,0.74,202.36,0.04,219.7,0.32,24.38
657,,1.16,208.3,0.74,32.14,0.04,139.1,0.32,400.56
658,,1.16,11.16,0.74,479.84,0.04,457.44,0.32,118.4
659,,1.16,287.2,0.74,253,0.04,424.96,0.32,123.78
660,,1.16,119.2,0.74,529.9,0.04,888.82,0.32,521.58
661,,1.16,240.42,0.74,560.56,0.04,26.68,0.32,552.74
662,,1.16,439.76,0.74,183.08,0.04,318.56,0.32,264.68
663,,1.16,26.48,0.74,592.8,0.04,25.32,0.32,470.52
664,,1.16,212.9,0.74,251.28,0.04,470.58,0.32,704.66
665,,1.16,200.06,0.74,241.54,0.04,81.68,0.32,45.7
666,,1.16,212.24,0.74,259.54,0.04,954.18,0.32,574.48
667,,1.16,134.24,0.74,59.68,0.04,332.58,0.32,211.6
668,,1.16,64.22,0.74,260.24,0.04,96.16,0.32,1589.62
669,,1.16,112.66,0.74,15.12,0.04,598.28,0.32,649.68
670,,1.16,192.28,0.74,367.62,0.04,382.24,0.32,527.56
671,,1.16,216.8,0.74,273.7,0.04,546.86,0.32,296.06
672,,1.16,257.3,0.74,58.42,0.04,646.26,0.32,1069.28
673,,1.16,110.24,0.74,210.24,0.04,503.96,0.32,436.42
674,,1.16,294.58,0.74,584.26,0.04,17.86,0.32,358.32
675,,1.16,287.7,0.74,65.16,0.04,720.26,0.32,60.8
676,,1.16,272.86,0.74,432.54,0.04,187.24,0.32,1108.3
677,,1.16,11.16,0.74,214.26,0.04,490.52,0.32,506.94
678,,1.16,112.72,0.74,413.74,0.04,383.48,0.32,417.1
679,,1.16,242.62,0.74,229.64,0.04,129,0.32,141.08
680,,1.16,17.52,0.74,624.94,0.04,248.52,0.32,553.46
681,,1.16,169.68,0.74,49.3,0.04,284.3,0.32,177.5
682,,1.16,10.6,0.74,541.08,0.04,33.88,0.32,1168.8
683,,1.16,386.2,0.74,392.24,0.04,361.56,0.32,1100.94
684,,1.16,163.74,0.74,499.04,0.04,434.52,0.32,39.66
685,,1.16,64.6,0.74,495.16,0.04,995.8,0.32,820.32
686,,1.16,76.9,0.74,406.32,0.04,115.9,0.32,201.58
687,,1.16,65.24,0.74,322.84,0.04,68.24,0.32,619.72
688,,1.16,204.98,0.74,317.58,0.04,213.98,0.32,26.94
689,,1.16,59.66,0.74,640.12,0.04,648.42,0.32,540.44
690,,1.16,163.74,0.74,96.38,0.04,841.62,0.32,1101.7
691,,1.16,11.16,0.74,557.4,0.04,563.94,0.32,594.66
692,,1.16,109.74,0.74,624.98,0.04,220.62,0.32,290.26
693,,1.16,141.92,0.74,357.58,0.04,179.88,0.32,488.52
694,,1.16,17.48,0.74,273.98,0.04,780.46,0.32,185.26
695,,1.16,208.3,0.74,544.96,0.04,429.42,0.32,1669.72
696,,1.16,10.52,0.74,188.82,0.04,1197,0.32,1595.34
697,,1.16,212.24,0.74,451.82,0.04,331.84,0.32,291.04
698,,1.16,26.48,0.74,127.26,0.04,624.38,0.32,471.78
699,,1.16,342.5,0.74,317.04,0.04,318.64,0.32,1055.22
700,,1.16,71.06,0.74,105.64,0.04,165.48,0.32,1164.52
701,,1.16,113.24,0.74,348.88,0.04,1046.22,0.32,191.28
702,,1.16,115.84,0.74,129.06,0.04,396.86,0.32,295.06
703,,1.16,74,0.74,262.54,0.04,359.44,0.32,485.08
704,,1.16,29.18,0.74,22,0.04,790.46,0.32,722.36
705,,1.16,26.48,0.74,403.82,0.04,233.02,0.32,21.88
706,,1.16,26.48,0.74,446.24,0.04,105.46,0.32,1291.58
707,,1.16,330.36,0.74,14.5,0.04,194.54,0.32,287.92
708,,1.16,163.74,0.74,391.82,0.04,427.5,0.32,20.5
709,,1.16,35.24,0.74,135.72,0.04,581.88,0.32,347.84
710,,1.16,11.76,0.74,491.12,0.04,238.76,0.32,587.4
711,,1.16,169.62,0.74,347.16,0.04,9.98,0.32,164.46
712,,1.16,163.3,0.74,427.58,0.04,189.32,0.32,631.8
713,,1.16,175.12,0.74,457.26,0.04,310.2,0.32,13.26
714,,1.16,74.64,0.74,131.24,0.04,219.5,0.32,134.88
715,,1.16,262.3,0.74,179.32,0.04,73.4,0.32,202.5
716,,1.16,151.92,0.74,103.86,0.04,719.38,0.32,810.46
717,,1.16,157.36,0.74,468.76,0.04,333.8,0.32,525.92
718,,1.16,27.52,0.74,407.78,0.04,897.48,0.32,927.58
719,,1.16,168.4,0.74,97.8,0.04,58.66,0.32,91.18
720,,1.16,78.44,0.74,195.58,0.04,224.78,0.32,128.08
721,,1.16,128.9,0.74,300.84,0.04,845.48,0.32,928.38
722,,1.16,388.82,0.74,46.26,0.04,3.38,0.32,156.54
723,,1.16,429.34,0.74,572.42,0.04,858.16,0.32,856.34
724,,1.16,179.06,0.74,521.8,0.04,7.8,0.32,574.44
725,,1.16,57.86,0.74,650.44,0.04,356.92,0.32,855.84
726,,1.16,109.8,0.74,508.36,0.04,428,0.32,323.6
727,,1.16,125.06,0.74,515.74,0.04,517.96,0.32,214.3
728,,1.16,57.34,0.74,59.84,0.04,308.98,0.32,699.62
729,,1.16,74.38,0.74,105.92,0.04,256.94,0.32,530.1
730,,1.16,303.98,0.74,101.44,0.04,532.88,0.32,50.96
731,,1.16,175.12,0.74,606,0.04,312.82,0.32,842.84
732,,1.16,28.94,0.74,224.64,0.04,1162.24,0.32,467.82
733,,1.16,16.54,0.74,41.38,0.04,85.28,0.32,838.6
734,,1.16,136.86,0.74,307.58,0.04,329.1,0.32,700.56
735,,1.16,264.42,0.74,185.88,0.04,180.18,0.32,332.12
736,,1.16,353.52,0.74,187.26,0.04,437.5,0.32,351.54
737,,1.16,393.58,0.74,82.06,0.04,390.28,0.32,236.02
738,,1.16,233.62,0.74,316.46,0.04,166.12,0.32,362.74
739,,1.16,77.94,0.74,89.06,0.04,184.94,0.32,1232.3
740,,1.16,223.62,0.74,445.7,0.04,458.98,0.32,131.4
741,,1.16,39.34,0.74,409.74,0.04,187.32,0.32,601.82
742,,1.16,271.3,0.74,410.8,0.04,196.58,0.32,622.12
743,,1.16,112.26,0.74,485.38,0.04,350.48,0.32,128.82
744,,1.16,111.34,0.74,669.84,0.04,49.42,0.32,919.96
745,,1.16,26.48,0.74,90.88,0.04,111.8,0.32,566.6
746,,1.16,487.5,0.74,154.84,0.04,199.96,0.32,771.34
747,,1.16,128.64,0.74,51.32,0.04,247.92,0.32,90.9
748,,1.16,66.92,0.74,799.58,0.04,387.92,0.32,793.28
749,,1.16,141.5,0.74,440.8,0.04,291.08,0.32,1071.8
750,,1.16,214.68,0.74,601.84,0.04,65.04,0.32,501.9
751,,1.16,119.56,0.74,474.62,0.04,2.42,0.32,437.24
752,,1.16,262.3,0.74,486.92,0.04,332.66,0.32,775.56
753,,1.16,27.52,0.74,671.52,0.04,582.18,0.32,767.66
754,,1.16,528.86,0.74,729.7,0.04,359.84,0.32,389.38
755,,1.16,58.36,0.74,7.3,0.04,430,0.32,142.22
756,,1.16,388.82,0.74,422.24,0.04,76.12,0.32,264.14
757,,1.16,309.94,0.74,51.56,0.04,519.56,0.32,256.28
758,,1.16,277.8,0.74,1011.44,0.04,356.08,0.32,416.56
759,,1.16,264.42,0.74,446.22,0.04,87.98,0.32,311.9
760,,1.16,329.36,0.74,127.6,0.04,406.56,0.32,812.3
761,,1.16,195.72,0.74,454.44,0.04,77.12,0.32,1354.74
762,,1.16,62.06,0.74,211.42,0.04,36.78,0.32,582.18
763,,1.16,182.96,0.74,152.5,0.04,123.36,0.32,192.12
764,,1.16,23.06,0.74,396.64,0.04,232.7,0.32,715
765,,1.16,251.38,0.74,554.8,0.04,545.2,0.32,78.94
766,,1.16,64.22,0.74,649.7,0.04,568.18,0.32,1206.98
767,,1.16,170.56,0.74,660.24,0.04,153.68,0.32,523.32
768,,1.16,151.92,0.74,15.2,0.04,668.22,0.32,423.86
769,,1.16,388.32,0.74,192.98,0.04,270.46,0.32,596.3
770,,1.16,212.24,0.74,198.58,0.04,98.2,0.32,64.64
771,,1.16,208.3,0.74,87.4,0.04,274.12,0.32,299.52
772,,1.16,208.3,0.74,9.7,0.04,564.66,0.32,408.58
773,,1.16,112.22,0.74,301.86,0.04,625.66,0.32,354.76
774,,1.16,61.78,0.74,274.62,0.04,190.46,0.32,950.16
775,,1.16,354.28,0.74,57.28,0.04,551.58,0.32,103.28
776,,1.16,154.04,0.74,341.08,0.04,289.72,0.32,168.26
777,,1.16,87.84,0.74,295.76,0.04,873.76,0.32,125.18
778,,1.16,350.86,0.74,265.34,0.04,26.96,0.32,139.3
779,,1.16,159.9,0.74,158.36,0.04,457.64,0.32,307.52
780,,1.16,169.62,0.74,161.26,0.04,607.22,0.32,13.76
781,,1.16,308.7,0.74,9.28,0.04,996.3,0.32,176.92
782,,1.16,115.68,0.74,307.04,0.04,233.38,0.32,356.8
783,,1.16,94.72,0.74,256.88,0.04,682.26,0.32,104.08
784,,1.16,597.8,0.74,497.68,0.04,440.18,0.32,321.12
785,,1.16,59.66,0.74,408.34,0.04,498.08,0.32,314.78
786,,1.16,265.3,0.74,741.42,0.04,24.34,0.32,1453.78
787,,1.16,27.52,0.74,513.04,0.04,105.2,0.32,620.24
788,,1.16,10.62,0.74,103.24,0.04,113.22,0.32,796.9
789,,1.16,270.8,0.74,330.4,0.04,702.78,0.32,117.92
790,,1.16,101.06,0.74,7.28,0.04,806.48,0.32,697.48
791,,1.16,339.78,0.74,336.42,0.04,255.54,0.32,91.6
792,,1.16,172.22,0.74,103.82,0.04,384,0.32,806.3
793,,1.16,261.8,0.74,300.38,0.04,156.76,0.32,102.14
794,,1.16,110.24,0.74,442.08,0.04,86.38,0.32,100.48
795,,1.16,164.24,0.74,33.7,0.04,133.76,0.32,1330.62
796,,1.16,405.62,0.74,159.28,0.04,225.22,0.32,372.98
797,,1.16,109.3,0.74,599.5,0.04,678.74,0.32,51.9
798,,1.16,75.66,0.74,396.28,0.04,52.5,0.32,66.82
799,,1.16,240.5,0.74,450.32,0.04,550.34,0.32,384.28
800,,1.16,49.74,0.74,257.82,0.04,517.72,0.32,42.34
801,,1.16,414.42,0.74,557.22,0.04,339.3,0.32,570.76
802,,1.16,303.98,0.74,26.26,0.04,788.94,0.32,467.94
803,,1.16,207.8,0.74,37.4,0.04,89.02,0.32,410.54
804,,1.16,134.24,0.74,678.18,0.04,23.14,0.32,41.2
805,,1.16,223.62,0.74,263.56,0.04,365.1,0.32,634.94
806,,1.16,217.74,0.74,66.66,0.04,293.56,0.32,226.16
807,,1.16,87.84,0.74,86.32,0.04,581.38,0.32,322.24
808,,1.16,237.16,0.74,109.52,0.04,288.76,0.32,1197.52
809,,1.16,65.2,0.74,49.36,0.04,3.5,0.32,1166.12
810,,1.16,163.3,0.74,302.16,0.04,372.12,0.32,588.62
811,,1.16,109.3,0.74,216.58,0.04,142.72,0.32,570.76
812,,1.16,253.12,0.74,183.68,0.04,445.52,0.32,690.28
813,,1.16,83.38,0.74,577.08,0.04,464.5,0.32,126.14
814,,1.16,36.9,0.74,409.32,0.04,575.4,0.32,221.84
815,,1.16,221.24,0.74,525.82,0.04,500.12,0.32,433.3
816,,1.16,166.12,0.74,237.62,0.04,461.06,0.32,4.38
817,,1.16,215.18,0.74,120.5,0.04,540.1,0.32,681.44
818,,1.16,19.6,0.74,751.7,0.04,547.18,0.32,59.04
819,,1.16,310.04,0.74,701.7,0.04,173.16,0.32,85.12
820,,1.16,111.48,0.74,652.52,0.04,674.8,0.32,71.64
821,,1.16,214.36,0.74,53.06,0.04,149.44,0.32,18.34
822,,1.16,118.74,0.74,292.84,0.04,81.98,0.32,431.2
823,,1.16,113.24,0.74,269.18,0.04,419.42,0.32,619.42
824,,1.16,172.68,0.74,379.84,0.04,127.1,0.32,350.54
825,,1.16,59.66,0.74,108.72,0.04,33.16,0.32,497.78
826,,1.16,429.02,0.74,793.02,0.04,52.32,0.32,665.3
827,,1.16,116.62,0.74,325.12,0.04,810.6,0.32,275.8
828,,1.16,251,0.74,9.46,0.04,744.32,0.32,626.76
829,,1.16,353.52,0.74,163.4,0.04,248.88,0.32,919.82
830,,1.16,27.52,0.74,418.88,0.04,534.92,0.32,1202.34
831,,1.16,299.52,0.74,377.84,0.04,5.5,0.32,441.82
832,,1.16,446.14,0.74,287.32,0.04,739.04,0.32,147.26
833,,1.16,109.74,0.74,422.58,0.04,458.14,0.32,1036
834,,1.16,33.84,0.74,296.08,0.04,261.16,0.32,376.86
835,,1.16,11.16,0.74,70.84,0.04,292.3,0.32,41.78
836,,1.16,208.32,0.74,654.22,0.04,888.2,0.32,707.66
837,,1.16,303.98,0.74,379.72,0.04,195.38,0.32,721.06
838,,1.16,17.48,0.74,877.88,0.04,79.9,0.32,106.66
839,,1.16,321.7,0.74,74.86,0.04,308.76,0.32,294.6
840,,1.16,164.24,0.74,123.9,0.04,852,0.32,716.96
841,,1.16,388.82,0.74,343.74,0.04,515.54,0.32,150.68
842,,1.16,141.48,0.74,53.86,0.04,489.68,0.32,54.74
843,,1.16,35.24,0.74,69.18,0.04,392.44,0.32,776.04
844,,1.16,74.42,0.74,703.7,0.04,165.74,0.32,863.76
845,,1.16,73.92,0.74,405.66,0.04,195.58,0.32,450.18
846,,1.16,152.8,0.74,192,0.04,469.06,0.32,126.68
847,,1.16,24.36,0.74,379.22,0.04,401.34,0.32,214.64
848,,1.16,390.72,0.74,900.22,0.04,443.66,0.32,1112.04
849,,1.16,52.4,0.74,203.1,0.04,375.84,0.32,383.14
850,,1.16,76.5,0.74,170.82,0.04,7.76,0.32,228.8
851,,1.16,169.68,0.74,290.96,0.04,1007.86,0.32,253.04
852,,1.16,23.42,0.74,722.86,0.04,670.62,0.32,1033.62
853,,1.16,17.06,0.74,470.04,0.04,26.9,0.32,272.18
854,,1.16,61.78,0.74,355.22,0.04,125.88,0.32,193.2
855,,1.16,286.68,0.74,389.64,0.04,64.06,0.32,688.58
856,,1.16,33.14,0.74,242.7,0.04,185.44,0.32,115
857,,1.16,26.48,0.74,64.64,0.04,424.58,0.32,417.14
858,,1.16,242.62,0.74,106.8,0.04,107.36,0.32,672.92
859,,1.16,157.06,0.74,439.18,0.04,920.82,0.32,499.5
860,,1.16,71.56,0.74,408.18,0.04,586.68,0.32,74.26
861,,1.16,100.14,0.74,413.44,0.04,126.92,0.32,392.74
862,,1.16,52.4,0.74,252.16,0.04,884.3,0.32,193.74
863,,1.16,151.92,0.74,248.78,0.04,766.76,0.32,938.68
864,,1.16,354.4,0.74,134.48,0.04,626.6,0.32,1250.6
865,,1.16,131.96,0.74,729.7,0.04,430.38,0.32,534
866,,1.16,157.78,0.74,321.24,0.04,405.08,0.32,265.42
867,,1.16,65.16,0.74,54.26,0.04,735.7,0.32,237.56
868,,1.16,174.16,0.74,362.64,0.04,399.4,0.32,120.12
869,,1.16,64.22,0.74,546.78,0.04,312.62,0.32,363.18
870,,1.16,20.94,0.74,360.36,0.04,206.88,0.32,187.76
871,,1.16,140.3,0.74,112.12,0.04,117.08,0.32,168.16
872,,1.16,319.44,0.74,123.84,0.04,231.92,0.32,1341.82
873,,1.16,68.16,0.74,628.64,0.04,557.88,0.32,333.42
874,,1.16,58.78,0.74,273.96,0.04,402.42,0.32,260.8
875,,1.16,52.02,0.74,233.8,0.04,2.34,0.32,183.26
876,,1.16,27.52,0.74,13.2,0.04,725.74,0.32,1394.3
877,,1.16,118.22,0.74,352.32,0.04,675.02,0.32,295.96
878,,1.16,395.2,0.74,354.08,0.04,77.86,0.32,763.88
879,,1.16,402.66,0.74,425.14,0.04,121.42,0.32,384.74
880,,1.16,257.3,0.74,154.84,0.04,111.14,0.32,393.34
881,,1.16,294.58,0.74,109.72,0.04,481.94,0.32,509.38
882,,1.16,26.48,0.74,653.62,0.04,343.5,0.32,385.98
883,,1.16,23.94,0.74,390.04,0.04,78.12,0.32,406.88
884,,1.16,223.12,0.74,394.66,0.04,115.62,0.32,135.16
885,,1.16,17.56,0.74,341.46,0.04,621.32,0.32,388.58
886,,1.16,24.62,0.74,134.04,0.04,254.02,0.32,686.72
887,,1.16,20.94,0.74,78.2,0.04,231.42,0.32,20.46
888,,1.16,175.04,0.74,563.76,0.04,971.1,0.32,427.16
889,,1.16,233.44,0.74,29.62,0.04,207.06,0.32,411.9
890,,1.16,65.16,0.74,218,0.04,715.04,0.32,175.24
891,,1.16,113.24,0.74,539.9,0.04,10.54,0.32,2.64
892,,1.16,39.7,0.74,124.62,0.04,385.88,0.32,76.22
893,,1.16,26.48,0.74,129.28,0.04,300.5,0.32,163.48
894,,1.16,160.18,0.74,532.76,0.04,510.02,0.32,347.8
895,,1.16,16.58,0.74,507.44,0.04,440.2,0.32,347.08
896,,1.16,210.42,0.74,83,0.04,12.64,0.32,245.8
897,,1.16,270.8,0.74,134.9,0.04,388,0.32,1317.62
898,,1.16,74,0.74,15.9,0.04,580.84,0.32,157.06
899,,1.16,125.06,0.74,449.84,0.04,554.18,0.32,546.9
900,,1.16,214.68,0.74,338.24,0.04,461.96,0.32,175.14
901,,1.16,36.9,0.74,663.64,0.04,336.28,0.32,814.56
902,,1.16,52.4,0.74,384.98,0.04,22.7,0.32,299.5
903,,1.16,204.98,0.74,478.84,0.04,615.8,0.32,469.2
904,,1.16,65.16,0.74,479.88,0.04,371.18,0.32,119.1
905,,1.16,160.4,0.74,352.54,0.04,40.56,0.32,209.6
906,,1.16,33.84,0.74,326.86,0.04,199.72,0.32,539.86
907,,1.16,166.12,0.74,656,0.04,86.86,0.32,191.8
908,,1.16,98.68,0.74,627.34,0.04,63.32,0.32,459.86
909,,1.16,11.16,0.74,238.08,0.04,203.38,0.32,209.24
910,,1.16,21.06,0.74,767.8,0.04,429.46,0.32,312.96
911,,1.16,154.82,0.74,146.54,0.04,506.84,0.32,77.66
912,,1.16,81.26,0.74,60,0.04,255.88,0.32,556.34
913,,1.16,312.2,0.74,676.98,0.04,179.88,0.32,15.18
914,,1.16,348.02,0.74,495.74,0.04,367.68,0.32,331.62
915,,1.16,109.3,0.74,530.84,0.04,823.9,0.32,1325.82
916,,1.16,241.46,0.74,611.44,0.04,109.28,0.32,1136.24
917,,1.16,68.16,0.74,270.68,0.04,186.26,0.32,194.36
918,,1.16,268.16,0.74,86.56,0.04,355.22,0.32,184.56
919,,1.16,225.98,0.74,312.02,0.04,544.88,0.32,532.62
920,,1.16,348.02,0.74,770.22,0.04,41.68,0.32,481.84
921,,1.16,238.14,0.74,764.02,0.04,135.84,0.32,289.46
922,,1.16,521.98,0.74,56.34,0.04,203.96,0.32,220
923,,1.16,90.92,0.74,349.8,0.04,810.66,0.32,484.08
924,,1.16,26.48,0.74,398.44,0.04,634.96,0.32,469.96
925,,1.16,354.9,0.74,133.96,0.04,12.84,0.32,667.34
926,,1.16,54.14,0.74,415.84,0.04,258.96,0.32,645.4
927,,1.16,343.58,0.74,445.64,0.04,173.4,0.32,591.84
928,,1.16,210.86,0.74,302.5,0.04,103.74,0.32,1160.34
929,,1.16,36.22,0.74,93.44,0.04,306.04,0.32,539.72
930,,1.16,87.84,0.74,296.7,0.04,162.18,0.32,544.02
931,,1.16,27.52,0.74,535.18,0.04,163.32,0.32,371.74
932,,1.16,76.4,0.74,77,0.04,77.22,0.32,393.34
933,,1.16,151.92,0.74,297.72,0.04,43.94,0.32,509.36
934,,1.16,26.48,0.74,522.96,0.04,259.72,0.32,164.92
935,,1.16,39.18,0.74,180.46,0.04,542.14,0.32,78.06
936,,1.16,39.34,0.74,109.08,0.04,123.58,0.32,417.5
937,,1.16,211.82,0.74,526.58,0.04,45.22,0.32,801.34
938,,1.16,294.08,0.74,92.02,0.04,682.36,0.32,599.78
939,,1.16,540.16,0.74,816.04,0.04,645.8,0.32,269.26
940,,1.16,216.8,0.74,168.1,0.04,375.06,0.32,77.24
941,,1.16,44.8,0.74,138.48,0.04,691.3,0.32,462.28
942,,1.16,24.44,0.74,393.12,0.04,186.34,0.32,1.54
943,,1.16,394.54,0.74,863.36,0.04,427.5,0.32,359.72
944,,1.16,163.3,0.74,443.28,0.04,160.48,0.32,58.16
945,,1.16,65.02,0.74,293.96,0.04,726.6,0.32,487.8
946,,1.16,29.28,0.74,269.86,0.04,205.38,0.32,115.66
947,,1.16,265.3,0.74,330.56,0.04,283.54,0.32,187.54
948,,1.16,153.12,0.74,245.96,0.04,127.44,0.32,875.6
949,,1.16,217.3,0.74,856.4,0.04,238.22,0.32,725.6
950,,1.16,3.46,0.74,411.22,0.04,189.2,0.32,1736.22
951,,1.16,163.3,0.74,451.66,0.04,398.56,0.32,534.78
952,,1.16,26.48,0.74,849.08,0.04,279.44,0.32,462.74
953,,1.16,210.86,0.74,348.88,0.04,635.3,0.32,1164.96
954,,1.16,118.22,0.74,346.54,0.04,505.76,0.32,25.3
955,,1.16,10.1,0.74,267.22,0.04,81.84,0.32,1003.14
956,,1.16,35.96,0.74,185.36,0.04,138.8,0.32,141.6
957,,1.16,146.44,0.74,156.9,0.04,261.68,0.32,787.4
958,,1.16,24.44,0.74,213.36,0.04,358.34,0.32,448.6
959,,1.16,115.08,0.74,232.64,0.04,91.82,0.32,14.32
960,,1.16,33.84,0.74,455.72,0.04,292.5,0.32,306.86
961,,1.16,117.08,0.74,102.34,0.04,650.32,0.32,11.94
962,,1.16,350.46,0.74,152.5,0.04,722.08,0.32,462.58
963,,1.16,216.8,0.74,799.66,0.04,382.98,0.32,171
964,,1.16,57.86,0.74,73.6,0.04,84.1,0.32,459.3
965,,1.16,170.18,0.74,609.78,0.04,163.32,0.32,211.62
966,,1.16,303.98,0.74,556.4,0.04,204.6,0.32,586.98
967,,1.16,151.92,0.74,197.8,0.04,168.54,0.32,56.2
968,,1.16,19.5,0.74,656.02,0.04,381.22,0.32,1231.62
969,,1.16,157.78,0.74,97.16,0.04,454.08,0.32,575.28
970,,1.16,324.28,0.74,308.16,0.04,108.22,0.32,149.66
971,,1.16,245.02,0.74,271.44,0.04,299.8,0.32,43.46
972,,1.16,59.66,0.74,286.74,0.04,707.84,0.32,193.08
973,,1.16,6.22,0.74,597.02,0.04,740.8,0.32,753.76
974,,1.16,204.98,0.74,404.34,0.04,608.48,0.32,156.04
975,,1.16,11.16,0.74,370.92,0.04,606.08,0.32,531.08
976,,1.16,44.78,0.74,456.24,0.04,94.66,0.32,285.1
977,,1.16,24.32,0.74,461.58,0.04,382.96,0.32,420.22
978,,1.16,76.2,0.74,361.86,0.04,421.16,0.32,859.22
979,,1.16,228.2,0.74,260.38,0.04,621.9,0.32,473.22
980,,1.16,89.96,0.74,31.36,0.04,463.66,0.32,338.02
981,,1.16,439.26,0.74,59.4,0.04,351.54,0.32,694.74
982,,1.16,179.56,0.74,216.38,0.04,263.28,0.32,753.34
983,,1.16,51.42,0.74,22.24,0.04,144.58,0.32,1312.8
984,,1.16,281.72,0.74,245.86,0.04,541.56,0.32,280.12
985,,1.16,309.46,0.74,546.08,0.04,209.04,0.32,195.8
986,,1.16,179.06,0.74,359.92,0.04,766.86,0.32,1106.86
987,,1.16,22.52,0.74,108.64,0.04,65.26,0.32,360.3
988,,1.16,411.8,0.74,318.02,0.04,576.82,0.32,912.74
989,,1.16,176,0.74,319.78,0.04,93.12,0.32,386.94
990,,1.16,26.48,0.74,272.44,0.04,20.12,0.32,571.32
991,,1.16,225.98,0.74,77.12,0.04,25.74,0.32,227.38
992,,1.16,83.38,0.74,875.32,0.04,62.6,0.32,88.16
993,,1.16,347.56,0.74,26.04,0.04,104.88,0.32,276.74
994,,1.16,303.98,0.74,173.36,0.04,301.18,0.32,328.3
995,,1.16,122.06,0.74,170.64,0.04,200.3,0.32,393.8
996,,1.16,42.84,0.74,279.88,0.04,23.58,0.32,24.42
997,,1.16,38.36,0.74,116.78,0.04,4.7,0.32,301.04
998,,1.16,56.24,0.74,495.44,0.04,701.94,0.32,274.38
999,,1.16,151.92,0.74,551.42,0.04,458.1,0.32,428.32
1000,,1.16,0.96,0.74,171.48,0.04,649.32,0.32,41.92
